BCB;FILIALE;ACQUAFREDDA;Via della Repubblica, 52;ACQUAFREDDA;BS;;;;;
BCB;FILIALE;ACQUAPENDENTE;Via del Rivo, 34;ACQUAPENDENTE;VT;;;;;
BCB;FILIALE;ADRO;Via Roma, 1;ADRO;BS;;;;;
BCB;FILIALE;AGRATE BRIANZA;Via Marco d'Agrate, 61;AGRATE BRIANZA;MI;;;;;
BCB;FILIALE;ALBANO SANT' ALESSANDRO;Via  Tonale, 29;ALBANO SANT' ALESSANDRO;BG;;;;;
BCB;FILIALE;ALZANO LOMBARDO;Via Roma, 31;ALZANO LOMBARDO;BG;;;;;
BCB;FILIALE;AMPEZZO;Piazzale Caduti, 3;AMPEZZO;UD;;;;;
BCB;FILIALE;ARTA TERME;Via Roma, 2/c;ARTA TERME;UD;;;;;
BCB;FILIALE;ASOLA;Viale della Vittoria, 17 ;ASOLA;MN;;;;;
BCB;FILIALE;AZZANO SAN PAOLO;Via Trieste, 16;AZZANO SAN PAOLO;BG;;;;;
BCB;FILIALE;BAGNOLO MELLA ;Via 26 Aprile, 69;BAGNOLO MELLA ;BS;;;;;
BCB;FILIALE;BAGOLINO;Via San  Giorgio, 66;BAGOLINO;BS;;;;;
BCB;FILIALE;BARGHE;Via Boschi, 11/13;BARGHE;BS;;;;;
BCB;FILIALE;BASSANO DEL GRAPPA;Via Pio IX, 85;BASSANO DEL GRAPPA;VI;;;;;
BCB;FILIALE;BASSANO IN TEVERINA;Via Cesare Battisti, 116;BASSANO IN TEVERINA;VT;;;;;
BCB;FILIALE;BEDIZZOLE 1;Via Trento, 3/5;BEDIZZOLE;BS;;;;;
BCB;FILIALE;BEDIZZOLE 2;Via Sonvigo, 13;BEDIZZOLE;BS;;;;;
BCB;FILIALE;BERGAMO ;Via Palma il Vecchio, 113;BERGAMO ;BG;;;;;
BCB;FILIALE;BERGAMO 1;Via Tremana, 13;BERGAMO;BG;;;;;
BCB;FILIALE;BERGAMO 2;Via  Camozzi, 101;BERGAMO;BG;;;;;
BCB;FILIALE;BERGAMO 3;Via Don Luigi Palazzolo, 89;BERGAMO;BG;;;;;
BCB;FILIALE;BERGAMO 4;Via Borgo Palazzo, 93;BERGAMO;BG;;;;;
BCB;FILIALE;BIASSONO;Via Cesana e Villa, 104;BIASSONO;MI;;;;;
BCB;FILIALE;BOLSENA;Via Antonio  Gramsci, 28;BOLSENA;VT;;;;;
BCB;FILIALE;BOMARZO;Piazza B. Buozzi, 5;BOMARZO;VT;;;;;
BCB;FILIALE;BORGOSATOLLO;Via 4 Novembre, 140;BORGOSATOLLO;BS;;;;;
BCB;FILIALE;BOTTICINO 1;Via Valverde, 1;BOTTICINO;BS;;;;;
BCB;FILIALE;BOTTICINO 2;Via Don Milani, 3;BOTTICINO;BS;;;;;
BCB;FILIALE;BOVEGNO;Via Circonvallazione Aldo Cibaldi, 5;BOVEGNO;BS;;;;;
BCB;FILIALE;BOVEZZO;Via Dante Alighieri, 8/D;BOVEZZO;BS;;;;;
BCB;FILIALE;BREMBATE SOPRA;Via B. Locatelli;BREMBATE SOPRA;BG;;;;;
BCB;FILIALE;BRENO;Via Giuseppe  Mazzini, 72;BRENO;BS;;;;;
BCB;SEDE;BRESCIA  C.so Martiri d. Liberta', 13;Corso Martiri della Liberta', 13;BRESCIA;BS;;;;;
BCB;SEDE;BRESCIA - Via Trieste, 8;Via Trieste, 8;BRESCIA;BS;;;;;
BCB;FILIALE;BRESCIA  1;Piazza della Loggia, 5;BRESCIA;BS;;;;;
BCB;FILIALE;BRESCIA  2;Corso Magenta, 63;BRESCIA;BS;;;;;
BCB;FILIALE;BRESCIA  3;Via Lecco, 1;BRESCIA;BS;;;;;
BCB;FILIALE;BRESCIA  4;Via Trento, 7;BRESCIA;BS;;;;;
BCB;FILIALE;BRESCIA  5;Via San Martino 2 ;BRESCIA;BS;;;;;
BCB;FILIALE;BRESCIA  6;Contrada del Carmine, 67;BRESCIA;BS;;;;;
BCB;FILIALE;BRESCIA  7;Via ValCamonica, 6/b;BRESCIA;BS;;;;;
BCB;FILIALE;BRESCIA  8;Via Santa Maria  Crocifissa di Rosa, 67;BRESCIA;BS;;;;;
BCB;FILIALE;BRESCIA  9;Piazzale Spedali Civili, 1;BRESCIA;BS;;;;;
BCB;FILIALE;BRESCIA 10;Via Vittorio Veneto, 73;BRESCIA;BS;;;;;
BCB;FILIALE;BRESCIA 11;Via San Giovanni Bosco, 15/c;BRESCIA;BS;;;;;
BCB;FILIALE;BRESCIA 12;Via Bettole, 1;BRESCIA;BS;;;;;
BCB;FILIALE;BRESCIA 13;Via Cremona, 145;BRESCIA;BS;;;;;
BCB;FILIALE;BRESCIA 14;Via della Chiesa, 72;BRESCIA;BS;;;;;
BCB;FILIALE;BRESCIA 15;Via Prima, 50 - Villaggio Badia;BRESCIA;BS;;;;;
BCB;FILIALE;BRESCIA 16;Piazzale Nava, 7 ;BRESCIA;BS;;;;;
BCB;FILIALE;BRESCIA 17;Via Masaccio, 29 ;BRESCIA;BS;;;;;
BCB;FILIALE;BRESCIA 18;Via Cipro, 52;BRESCIA;BS;;;;;
BCB;FILIALE;BRESCIA 19;Via Malta, 43-1;BRESCIA;BS;;;;;
BCB;FILIALE;BRESCIA 20;Via Bissolati, 57;BRESCIA;BS;;;;;
BCB;FILIALE;BRESCIA 21;C.so Martiri  della Liberta', 45;BRESCIA;BS;;;;;
BCB;FILIALE;BRESCIA 22;Via Milano, 21/b;BRESCIA;BS;;;;;
BCB;FILIALE;BRESCIA 23;Via Indipendenza, 43;BRESCIA;BS;;;;;
BCB;FILIALE;BRESCIA 24;Via Solferino, 30/a;BRESCIA;BS;;;;;
BCB;FILIALE;BRESCIA 25;Via Trento, 25/27;BRESCIA;BS;;;;;
BCB;FILIALE;BRESCIA 26;Viale Duca d'Aosta, 19;BRESCIA;BS;;;;;
BCB;FILIALE;BRESCIA 27;Via Ambaraga, 126;BRESCIA;BS;;;;;
BCB;FILIALE;BRESCIA 28;Via Chiusure, 333/a;BRESCIA;BS;;;;;
BCB;FILIALE;BRESCIA 29;Via Cefalonia, 76;BRESCIA;BS;;;;;
BCB;FILIALE;BRESCIA 30;Via Orzinuovi, 9/11;BRESCIA;BS;;;;;
BCB;FILIALE;BRESCIA 31;Via San Rocchino, 106;BRESCIA;BS;;;;;
BCB;FILIALE;BRESCIA 32;Corso Giuseppe Garibaldi, 14/e;BRESCIA;BS;;;;;
BCB;FILIALE;BRESCIA 33 - ASM Brescia;Via Lamarmora, 230;BRESCIA;BS;;;;;
BCB;FILIALE;BRESCIA 34 - FIAT V.I.;Via Volturno, 62;BRESCIA;BS;;;;;
BCB;FILIALE;BRESCIA 35 - Ortomercato;Via Orzinuovi, 82;BRESCIA;BS;;;;;
BCB;FILIALE;BRESCIA 39;Via San Zeno, 121;BRESCIA;BS;;;;;
BCB;FILIALE;BRESCIA 40;Via San  Bartolomeo, 17;BRESCIA;BS;;;;;
BCB;FILIALE;BRESSO;Via Vittorio Veneto, 92;BRESSO;MI;;;;;
BCB;FILIALE;BUSSOLENGO;Via Verona, 43;BUSSOLENGO;VR;;;;;
BCB;FILIALE;BUSTO ARSIZIO;Corso Europa;BUSTO ARSIZIO;VA;;;;;
BCB;FILIALE;CALCINATO;Via Guglielmo  Marconi, 51;CALCINATO;BS;;;;;
BCB;FILIALE;CALDIERO;Via Strà, 114;CALDIERO;VR;;;;;
BCB;FILIALE;CALVISANO;Via Dante Alighieri, 1;CALVISANO;BS;;;;;
BCB;FILIALE;CAMPOSAMPIERO;Piazza Castello, 43;CAMPOSAMPIERO;PD;;;;;
BCB;FILIALE;CANEPINA;Via Giuseppe  Mazzini, 61;CANEPINA;VT;;;;;
BCB;FILIALE;CANTU';Largo Adua, 11;CANTU';CO;;;;;
BCB;FILIALE;CAPODIMONTE;Via Guglielmo  Marconi, 84;CAPODIMONTE;VT;;;;;
BCB;FILIALE;CAPRIANO DEL COLLE;Via Morari, 26;CAPRIANO DEL COLLE;BS;;;;;
BCB;FILIALE;CAPRIOLO;Via Vittorio Emanuele, 5;CAPRIOLO;BS;;;;;
BCB;FILIALE;CARPENEDOLO;Piazza Martiri della Liberta', 1;CARPENEDOLO;BS;;;;;
BCB;FILIALE;CASALMAGGIORE;Via Porzio;CASALMAGGIORE;CR;;;;;
BCB;FILIALE;CASNIGO;Piazza San Giovanni Battista, 30/31;CASNIGO;BG;;;;;
BCB;FILIALE;CASTEGNATO;Piazza dante Alighieri;CASTEGNATO;BS;;;;;
BCB;FILIALE;CASTELCOVATI;Via Alcide  De Gasperi, 48;CASTELCOVATI;BS;;;;;
BCB;FILIALE;CASTELFRANCO VENETO;Via Forche, 2;CASTELFRANCO VENETO;TV;;;;;
BCB;FILIALE;CASTELGOFFREDO;Via Europa, 27;CASTELGOFFREDO;MN;;;;;
BCB;FILIALE;CASTELMELLA;Viale dei Caduti, 56/a;CASTELMELLA;BS;;;;;
BCB;FILIALE;CASTENEDOLO;Piazza Martiri della Liberta', 4;CASTENEDOLO;BS;;;;;
BCB;FILIALE;CASTIGLIONE DELLE STIVIERE;Via C. Cavour, 57;CASTIGLIONE DELLE STIVIERE;MN;;;;;
BCB;FILIALE;CASTREZZATO;Piazza Zammarchi, 1;CASTREZZATO;BS;;;;;
BCB;FILIALE;CEDEGOLO;Via Nazionale, 105;CEDEGOLO;BS;;;;;
BCB;FILIALE;CELLATICA;Via Padre Bertulli;CELLATICA;BS;;;;;
BCB;FILIALE;CERNUSCO SUL NAVIGLIO;Via Monza, 15;CERNUSCO SUL NAVIGLIO;MI;;;;;
BCB;FILIALE;CHIARI 1;Piazza Giuseppe  Zanardelli, 7;CHIARI;BS;;;;;
BCB;FILIALE;CHIARI 2;Via Maffoni;CHIARI;BS;;;;;
BCB;FILIALE;CIVITA  CASTELLANA;Via della Repubblica;CIVITA  CASTELLANA;VT;;;;;
BCB;FILIALE;CLUSANE (frazione di ISEO);Via Risorgimento, 51/c ;CLUSANE;BS;;;;;
BCB;FILIALE;COLLIO ;Piazza Giuseppe  Zanardelli, 32;COLLIO ;BS;;;;;
BCB;FILIALE;COLOGNO AL SERIO;Via San Martino, 2;COLOGNO AL SERIO;BG;;;;;
BCB;FILIALE;COLOGNO MONZESE 1;Via Felice  Cavallotti, 28;COLOGNO MONZESE;MI;;;;;
BCB;FILIALE;COLOGNO MONZESE 2;Viale Lombardia, 52;COLOGNO MONZESE;MI;;;;;
BCB;FILIALE;CONEGLIANO;Via 11 Febbraio, 1;CONEGLIANO;TV;;;;;
BCB;FILIALE;COMEZZANO ;Via Giuseppe  Zanardelli, 31;COMEZZANO ;BS;;;;;
BCB;FILIALE;COMO;Via Gallio;COMO;CO;;;;;
BCB;FILIALE;CONCESIO 1;Via Europa, 203;CONCESIO;BS;;;;;
BCB;FILIALE;CONCESIO 2;Via Europa, 8;CONCESIO;BS;;;;;
BCB;FILIALE;CORCHIANO;Borgo Umberto I, 54;CORCHIANO;VT;;;;;
BCB;FILIALE;CORSICO;Via G. di Vittorio, 10;CORSICO;MI;;;;;
BCB;FILIALE;CREMONA 1;Viale Po, 33/35;CREMONA;CR;;;;;
BCB;FILIALE;CREMONA 2;Piazza Risorgimento, 9;CREMONA;CR;;;;;
BCB;FILIALE;CREMONA 3;Via Mantova, 41;CREMONA;CR;;;;;
BCB;FILIALE;CURA DI VETRALLA;Via Cassia, 261;CURA DI VETRALLA;VT;;;;;
BCB;FILIALE;DARFO BOARIO TERME;Via Roma, 2;DARFO BOARIO TERME;BS;;;;;
BCB;FILIALE;DELLO;Piazza Roma, 36;DELLO;BS;;;;;
BCB;FILIALE;DESENZANO DEL GARDA 1;Via G. Marconi, 10;DESENZANO DEL GARDA;BS;;;;;
BCB;FILIALE;DESENZANO DEL GARDA 2;VIA G. Marconi, 97;DESENZANO DEL GARDA;BS;;;;;
BCB;FILIALE;EDOLO;Via G. Marconi, 36/a;EDOLO;BS;;;;;
BCB;FILIALE;FABRICA DI ROMA;Viale degli Eroi;FABRICA DI ROMA;VT;;;;;
BCB;FILIALE;FENILI BELASI - CAPRIANO;Via Trento, 39 ;FENILI BELASI - CAPRIANO;BS;;;;;
BCB;FILIALE;FIESSE;Via Nazzari, 2/a;FIESSE;BS;;;;;
BCB;FILIALE;FIUME VENETO -  Fraz . BANNIA;Via Piave, 1;FIUME VENETO;PN;;;;;
BCB;FILIALE;FLERO 1;VIA 25 aprile, 110;FLERO;BS;;;;;
BCB;FILIALE;FLERO 2;Piazza 4 Novembre, 105;FLERO;BS;;;;;
BCB;FILIALE;GALLARATE 1;Via Raffaello Sanzio, 2;GALLARATE 1;VA;;;;;
BCB;FILIALE;GALLARATE 2;Via Torino, 28;GALLARATE 2;VA;;;;;
BCB;FILIALE;GARDONE RIVIERA;Via  Roma, 8;GARDONE RIVIERA;BS;;;;;
BCB;FILIALE;GARDONE VAL TROMPIA  1;Via G. Matteotti, 212;GARDONE VAL TROMPIA ;BS;;;;;
BCB;FILIALE;GARDONE VAL TROMPIA  2;Via G. Matteotti, 71;GARDONE VAL TROMPIA ;BS;;;;;
BCB;FILIALE;GARGNANO;Piazza Feltrinelli, 26;GARGNANO;BS;;;;;
BCB;FILIALE;GAVARDO 1;Via Suor Rivetta, 1;GAVARDO 1;BS;;;;;
BCB;FILIALE;GAVARDO 2;Via G. Quarena, 145;GAVARDO 2;BS;;;;;
BCB;FILIALE;GEMONIO;Via Giuseppe  Verdi, 24;GEMONIO;VA;;;;;
BCB;FILIALE;GENOVA;Via alla Porta degli Archi 2/4 r;GENOVA;GE;;;;;
BCB;FILIALE;GHEDI;Piazza Roma, 1;GHEDI;BS;;;;;
BCB;FILIALE;GOTTOLENGO;Piazza 20 Settembre, 16;GOTTOLENGO;BS;;;;;
BCB;FILIALE;GRADOLI;Piazza Vittorio Emanuele, 10;GRADOLI;VT;;;;;
BCB;FILIALE;GRUMELLO DEL MONTE;Via Roma, 63;GRUMELLO DEL MONTE;BG;;;;;
BCB;FILIALE;GUSSAGO 1;Via 4 Novembre, 112/a;GUSSAGO;BS;;;;;
BCB;FILIALE;GUSSAGO 2;Via Richiedei, 61;GUSSAGO;BS;;;;;
BCB;FILIALE;IDRO;Via Trento, 60;IDRO;BS;;;;;
BCB;FILIALE;ISEO;Via Dante Alighieri, 10;ISEO;BS;;;;;
BCB;FILIALE;ISOLA DELLA SCALA;Via Spaziani, 19;ISOLA DELLA SCALA;VR;;;;;
BCB;FILIALE;ISORELLA;Via A. Zanaboni, 2;ISORELLA;BS;;;;;
BCB;FILIALE;LATINA 1;Via Isonzo, 3;LATINA;LT;;;;;
BCB;FILIALE;LATINA 2;Via della Stazione, 187;LATINA;LT;;;;;
BCB;FILIALE;LECCO;Piazza Alessandro  Manzoni, 16;LECCO;LC;;;;;
BCB;FILIALE;LEGNANO;Corso Magenta, 127;LEGNANO;MI;;;;;
BCB;FILIALE;LENO 1;Via Dossi, 2;LENO;BS;;;;;
BCB;FILIALE;LENO 2;Via Giuseppe Garibaldi, 2;LENO;BS;;;;;
BCB;FILIALE;LIMONE DEL GARDA;Via Comboni, 24;LIMONE DEL GARDA;BS;;;;;
BCB;FILIALE;LODRONE;Via Campini, 3;LODRONE;TN;;;;;
BCB;FILIALE;LOGRATO;Piazza Roma, 11;LOGRATO;BS;;;;;
BCB;FILIALE;LOMAZZO;Via Monte Generoso, 11;LOMAZZO;CO;;;;;
BCB;FILIALE;LONATO;Via Guglielmo  Marconi;LONATO;BS;;;;;
BCB;FILIALE;LUMEZZANE 1;Via Alcide  De Gasperi, 91;LUMEZZANE;BS;;;;;
BCB;FILIALE;LUMEZZANE 2;Via Virgilio Montini, 251/ c;LUMEZZANE;BS;;;;;
BCB;FILIALE;LUMEZZANE 3;Via Virgilio Montini, 19;LUMEZZANE;BS;;;;;
BCB;FILIALE;LUMEZZANE 4;Via  M. D'Azeglio, 4;LUMEZZANE;BS;;;;;
BCB;FILIALE;LUMEZZANE 5;Via N. Bixio, 2;LUMEZZANE;BS;;;;;
BCB;FILIALE;LUSSEMBURGO;Boulevard du Prince Henri, 47;LUSSEMBURGO;;;;;;
BCB;FILIALE;MAGNANO IN RIVIERA;Piazza F. Urli, 40;MAGNANO IN RIVIERA;UD;;;;;
BCB;FILIALE;MAIANO;Piazza Italia, 26;MAIANO;UD;;;;;
BCB;FILIALE;MAIRANO;Piazza Europa, 1;MAIRANO;BS;;;;;
BCB;FILIALE;MALONNO;Via Torre, 10;MALONNO;BS;;;;;
BCB;FILIALE;MANERBA DEL GARDA;Via Vittorio Gassman, 17/19;MANERBA DEL GARDA;BS;;;;;
BCB;FILIALE;MANERBIO 1;Via 20 Settembre, 21;MANERBIO;BS;;;;;
BCB;FILIALE;MANERBIO 2;Via Cremona;MANERBIO;BS;;;;;
BCB;FILIALE;MANTOVA 1;V.le Risorgimento, 33;MANTOVA;MN;;;;;
BCB;FILIALE;MANTOVA 2;Via A. Calvi, 5;MANTOVA;MN;;;;;
BCB;FILIALE; MARIANO COMENSE;Viale Lombardia, 54; MARIANO COMENSE;CO;;;;;
BCB;FILIALE;MARMIROLO;Via Ferrari, 66;MARMIROLO;MN;;;;;
BCB;FILIALE;MARONE ;Via Roma, 59;MARONE ;BS;;;;;
BCB;FILIALE;MARTA;Via Laertina, 35;MARTA;VT;;;;;
BCB;FILIALE;MAZZANO;Via Alcide  De Gasperi, 6;MAZZANO;BS;;;;;
BCB;FILIALE;MEDOLAGO;Via Europa, 19/b;MEDOLAGO;BG;;;;;
BCB;FILIALE;MELEGNANO;Viale Predabissi, 12;MELEGNANO;MI;;;;;
BCB;FILIALE;MELZO;Via Antonio Gramsci, 23;MELZO;MI;;;;;
BCB;FILIALE;MERATE;Via Alessandro Manzoni, 56;MERATE;LC;;;;;
BCB;FILIALE;MESTRE;Piazza 27 Ottobre, 29;MESTRE;VE;;;;;
BCB;SEDE;MILANO - Via Silvio Pellico, 10;Via Silvio Pellico, 10/12;MILANO;MI;;;;;
BCB;SEDE;MILANO - Via Caradosso, 16;Via Caradosso, 16;MILANO;MI;;;;;
BCB;FILIALE;MILANO  1;Piazza 24 Maggio, 7;MILANO;MI;;;;;
BCB;FILIALE;MILANO  2;Piazza 25 Aprile, 9;MILANO;MI;;;;;
BCB;FILIALE;MILANO  3;Via Antonio Rosmini, 17;MILANO;MI;;;;;
BCB;FILIALE;MILANO  4;Via Ponchielli, 1;MILANO;MI;;;;;
BCB;FILIALE;MILANO  5;Via Giorgio  Washington, 96;MILANO;MI;;;;;
BCB;FILIALE;MILANO  6;Via Vincenzo Monti, 42;MILANO;MI;;;;;
BCB;FILIALE;MILANO  7;Via Monte Rosa, 16;MILANO;MI;;;;;
BCB;FILIALE;MILANO  8;Via Mac Mahon, 19;MILANO;MI;;;;;
BCB;FILIALE;MILANO  9;Via Staro, 1;MILANO;MI;;;;;
BCB;FILIALE;MILANO 10;Via G.B. Morgagni, 10;MILANO;MI;;;;;
BCB;FILIALE;MILANO 11;Piazza Sant'Agostino, 7;MILANO;MI;;;;;
BCB;FILIALE;MILANO 12;Via Feltre, 30;MILANO;MI;;;;;
BCB;FILIALE;MILANO 13;Via Giovanni da Procida, 8;MILANO;MI;;;;;
BCB;FILIALE;MILANO 14;Piazza Borromeo, 1;MILANO;MI;;;;;
BCB;FILIALE;MILANO 15;Viale Monza, 139;MILANO;MI;;;;;
BCB;FILIALE;MILANO 16;Via Lomellina, 14;MILANO;MI;;;;;
BCB;FILIALE;MILANO 17;Via Lecco, 22;MILANO;MI;;;;;
BCB;FILIALE;MILANO 18;Corso Indipendenza, 5;MILANO;MI;;;;;
BCB;FILIALE;MILANO 19;Viale Marche, 40;MILANO;MI;;;;;
BCB;FILIALE;MILANO 20;Via Porpora, 65;MILANO;MI;;;;;
BCB;FILIALE;MILANO 21;Largo Scalabrini, 1;MILANO;MI;;;;;
BCB;FILIALE;MILANO 22;Via Gaetano  Negri, 4;MILANO;MI;;;;;
BCB;FILIALE;MILANO 23;Via Bertolazzi, 20;MILANO;MI;;;;;
BCB;FILIALE;MILANO 24;Via Muratori, 26;MILANO;MI;;;;;
BCB;FILIALE;MILZANO;Piazza Roma, 13;MILZANO;BS;;;;;
BCB;FILIALE;MIRA;Via Nazionale, 193;MIRA;VE;;;;;
BCB;FILIALE;MONIGA;Piazza San Martino;MONIGA;BS;;;;;
BCB;FILIALE;MONTALTO DI CASTRO;Via Aurelia Tarquinia, 5;MONTALTO DI CASTRO;VT;;;;;
BCB;FILIALE;MONTE ISOLA;Peschiera Maraglio, 156;MONTE ISOLA;BS;;;;;
BCB;FILIALE;MONTEBELLUNA;Piazza Aldo Moro, 1;MONTEBELLUNA;TV;;;;;
BCB;FILIALE;MONTECCHIO MAGGIORE;Via Madonnetta;MONTECCHIO MAGGIORE;VI;;;;;
BCB;FILIALE;MONTEFIASCONE;Piazzale Roma;MONTEFIASCONE;VT;;;;;
BCB;FILIALE;MONTEFORTE D'ALPONE;Viale Europa, 30;MONTEFORTE D'ALPONE;VR;;;;;
BCB;FILIALE;MONTEROSI;Via Roma, 36;MONTEROSI;VT;;;;;
BCB;FILIALE;MONTICELLI  BRUSATI;Via 4 Novembre, 5/a;MONTICELLI  BRUSATI;BS;;;;;
BCB;FILIALE;MONTICHIARI 1;Via Trieste, 71;MONTICHIARI;BS;;;;;
BCB;FILIALE;MONTICHIARI 2;Via Felice  Cavallotti, 25;MONTICHIARI;BS;;;;;
BCB;FILIALE;MONTICHIARI 3;Via Aeroporto;MONTICHIARI;BS;;;;;
BCB;FILIALE;MONZA 1;Via F, Cavallotti, 136;MONZA;MI;;;;;
BCB;FILIALE;MONZA 2;Via F. Cavallotti,  27;MONZA;MI;;;;;
BCB;FILIALE;NAVE;Piazza Maria Ausiliatrice, 19;NAVE;BS;;;;;
BCB;FILIALE;NEMBRO;Via Roma, 13;NEMBRO;BG;;;;;
BCB;FILIALE;NOVATE MILANESE;Via G. di Vittorio, 22;NOVATE MILANESE;MI;;;;;
BCB;FILIALE;NUVOLENTO;Via Trento, 17;NUVOLENTO;BS;;;;;
BCB;FILIALE;NUVOLERA;Via Italia, 3/a;NUVOLERA;BS;;;;;
BCB;FILIALE;ODOLO;Via Praes, 13/bis;ODOLO;BS;;;;;
BCB;FILIALE;OFFLAGA;Via  Giuseppe Mazzini, 2;OFFLAGA;BS;;;;;
BCB;FILIALE;OLGIATE COMASCO;Via Roma, 75;OLGIATE COMASCO;CO;;;;;
BCB;FILIALE;ORIO AL SERIO;Via Locatelli, 10;ORIO AL SERIO;BG;;;;;
BCB;FILIALE;ORTE;Via Le Piane;ORTE;VT;;;;;
BCB;FILIALE;ORZINUOVI  ;Piazza Vittorio Emanuele, 1;ORZINUOVI  ;BS;;;;;
BCB;FILIALE;OSPITALETTO 1;Via Padana Superiore, 56;OSPITALETTO;BS;;;;;
BCB;FILIALE;OSPITALETTO 2;Via Rizzi, 8;OSPITALETTO;BS;;;;;
BCB;FILIALE;PADERNO DUGNANO 1;Via Erba, 36-38;PADERNO DUGNANO;MI;;;;;
BCB;FILIALE;PADERNO DUGNANO 2;Via Tripoli, 3;PADERNO DUGNANO;MI;;;;;
BCB;FILIALE;PADERNO FRANCIACORTA;Via Roma, 32;PADERNO FRANCIACORTA;BS;;;;;
BCB;FILIALE;PADOVA;Via Tommaseo;PADOVA;PD;;;;;
BCB;FILIALE;PALAZZOLO SULL'OGLIO 1;Via 20 Settembre, 22;PALAZZOLO SULL'OGLIO;BS;;;;;
BCB;FILIALE;PALAZZOLO SULL'OGLIO 2;Via Brescia, 1;PALAZZOLO SULL'OGLIO;BS;;;;;
BCB;FILIALE;PARMA 1;Via Emilia est, 17;PARMA;PR;;;;;
BCB;FILIALE;PARMA 2;Via Repubblica, 32;PARMA;PR;;;;;
BCB;FILIALE;PASSIRANO;Via Libertà, 36;PASSIRANO;BS;;;;;
BCB;FILIALE;PAULARO;Piazza Nascimbeni, 5;PAULARO;UD;;;;;
BCB;FILIALE;PAULLO;Piazza E. Berlinguer, 14;PAULLO;MI;;;;;
BCB;FILIALE;PAVONE DEL MELLA;Piazza Umberto I, 1;PAVONE DEL MELLA;BS;;;;;
BCB;FILIALE;PESCHIERA DEL GARDA;Via Venezia, 4;PESCHIERA DEL GARDA;VR;;;;;
BCB;FILIALE;PESCIA ROMANA;Piazza delle mimose, 13;PESCIA ROMANA;VT;;;;;
BCB;FILIALE;PIANSANO;Via Santa Lucia, 54;PIANSANO;VT;;;;;
BCB;FILIALE;PIEVE DI BONO;Via Roma, 28;PIEVE DI BONO;TN;;;;;
BCB;FILIALE;PIOLTELLO ;Via Mantegna, 35;PIOLTELLO ;MI;;;;;
BCB;FILIALE;PISOGNE;Piazza Umberto I, 11;PISOGNE;BS;;;;;
BCB;FILIALE;POLAVENO;Via Tonetti, 27;POLAVENO;BS;;;;;
BCB;FILIALE;PONCARALE;Via Fiume, 8/A;PONCARALE;BS;;;;;
BCB;FILIALE;PONTE DI LEGNO;Corso Milano, 34;PONTE DI LEGNO;BS;;;;;
BCB;FILIALE;PONTE SAN MARCO;Piazza della Preistoria, 11;PONTE SAN MARCO;BS;;;;;
BCB;FILIALE;PONTE SAN NICOLO';Via M. Kolbe, 1/A;PONTE SAN NICOLO';PD;;;;;
BCB;FILIALE;PONTEVICO;Piazza Giuseppe Mazzini, 15;PONTEVICO;BS;;;;;
BCB;FILIALE;PONTOGLIO;Piazza 26 Aprile, 21;PONTOGLIO;BS;;;;;
BCB;FILIALE;PORDENONE;Via  Santa Caterina, 4;PORDENONE;PN;;;;;
BCB;FILIALE;PORZANO DI LENO;Via San Martino, 24;PORZANO DI LENO;BS;;;;;
BCB;FILIALE;PRALBOINO;Via Martiri Libertà, 52;PRALBOINO;BS;;;;;
BCB;FILIALE;PRATA DI PORDENONE;Via Cesare  Battisti, 1;PRATA DI PORDENONE;PN;;;;;
BCB;FILIALE;PRATO CARNICO;Pieria, 91/d;PRATO CARNICO;UD;;;;;
BCB;FILIALE;PRESEGLIE;Via Roma, 58;PRESEGLIE;BS;;;;;
BCB;FILIALE;PREVALLE;Piazza del Comune, 7;PREVALLE;BS;;;;;
BCB;FILIALE;QUINZANO D'OGLIO;Via C. Cavour, 29 - 31;QUINZANO D'OGLIO;BS;;;;;
BCB;FILIALE;REMEDELLO;Via Roma, 60;REMEDELLO;BS;;;;;
BCB;FILIALE;REZZATO 1;Via 4 Novembre 1918, 98;REZZATO;BS;;;;;
BCB;FILIALE;REZZATO 2;Via Zanardelli, 5;REZZATO;BS;;;;;
BCB;FILIALE;RHO 1;Viale Europa, 190;RHO;MI;;;;;
BCB;FILIALE;RHO 2;Piazza Don Minzoni;RHO;MI;;;;;
BCB;FILIALE;RIVOLTELLA DEL GARDA;Via G. Di Vittorio, 17;RIVOLTELLA DEL GARDA;BS;;;;;
BCB;FILIALE;RODENGO SAIANO ;Via Ponte Cingoli, 12;RODENGO SAIANO ;BS;;;;;
BCB;FILIALE;ROE' VOLCIANO;Via San Pietro, 119;ROE' VOLCIANO;BS;;;;;
BCB;FILIALE;ROMA;Via Ferdinando di Savoia, 8;ROMA;RM;;;;;
BCB;FILIALE;ROMA  1;Via Simone Martini, 5;ROMA;RM;;;;;
BCB;FILIALE;ROMA  2;Piazza Eschilo, 67;ROMA;RM;;;;;
BCB;FILIALE;ROMA  3;Via Bevagna, 58/60;ROMA;RM;;;;;
BCB;FILIALE;ROMA  4;Largo Colli Albani, 28;ROMA;RM;;;;;
BCB;FILIALE;ROMA  5 ;Via Vittorio Veneto, 108/B;ROMA;RM;;;;;
BCB;FILIALE;ROMA  6;Via Fabio Massimo, 15/17;ROMA;RM;;;;;
BCB;FILIALE;ROMA  7;Via Crescenzio Conte di Sabina,  23;ROMA;RM;;;;;
BCB;FILIALE;ROMA  8;Via Portuense, 718;ROMA;RM;;;;;
BCB;FILIALE;ROMA  9;Via Fucini, 56;ROMA;RM;;;;;
BCB;FILIALE;ROMA 10;Via Boccea, 211/221;ROMA;RM;;;;;
BCB;FILIALE;ROMA 11;Via Camillo Sabatini, 165;ROMA;RM;;;;;
BCB;FILIALE;ROMA 12;Via Val Pellice, 22;ROMA;RM;;;;;
BCB;FILIALE;ROMA 13;Via Ugo Ojetti, 398;ROMA;RM;;;;;
BCB;FILIALE;ROMA 14;Via Aurelia, 701 - 709;ROMA;RM;;;;;
BCB;FILIALE;ROMA 15;VIA A. Pollio, 50;ROMA;RM;;;;;
BCB;FILIALE;ROMA 16;Viale Guglielmo  Marconi, 3-5;ROMA;RM;;;;;
BCB;FILIALE;ROMA 17;Piazza San Silvestro, 6;ROMA;RM;;;;;
BCB;FILIALE;ROMA 18;Piazza dei Tribuni, 58;ROMA;RM;;;;;
BCB;FILIALE;ROMA 19;Via Appio Claudio, 336;ROMA;RM;;;;;
BCB;FILIALE;ROMANO DI LOMBARDIA 1;Via Duca d'Aosta, 44;ROMANO DI LOMBARDIA;BG;;;;;
BCB;FILIALE;ROMANO DI LOMBARDIA 2;Via Matteotti, 28;ROMANO DI LOMBARDIA;BG;;;;;
BCB;FILIALE;RONCADELLE 1;Via Martiri della Liberta', 119;RONCADELLE;BS;;;;;
BCB;FILIALE;RONCADELLE 2;Via Guglielmo  Marconi;RONCADELLE;BS;;;;;
BCB;FILIALE;RONCADELLE 3 - C.C. Auchun;Via Enrico Mattei, 37-39;RONCADELLE;BS;;;;;
BCB;FILIALE;RONCIGLIONE;Corso Umberto I, 78;RONCIGLIONE;VT;;;;;
BCB;FILIALE;ROVATO;Corso Bonomelli, 52/54;ROVATO;BS;;;;;
BCB;FILIALE;SABBIO CHIESE;Via 20 Settembre, 83;SABBIO CHIESE;BS;;;;;
BCB;FILIALE;SALE MARASINO;Via Roma, 23/ Bis;SALE MARASINO;BS;;;;;
BCB;FILIALE;SALO' 1;Via Pietro da Salò;SALO';BS;;;;;
BCB;FILIALE;SALO' 2;Piazza Vittoria, 13;SALO';BS;;;;;
BCB;FILIALE;SALO' 3;Piazza Vittorio Emanuele II, 20;SALO';BS;;;;;
BCB;FILIALE;SALO' 4;Via Montessori, 1;SALO';BS;;;;;
BCB;FILIALE;SAN FELICE DEL BENACO;Viale Italia, 9;SAN FELICE DEL BENACO;BS;;;;;
BCB;FILIALE;SAN GERVASIO BRESCIANO;Piazza Antica Piazzola, 5;SAN GERVASIO BRESCIANO;BS;;;;;
BCB;FILIALE;SAN MARTINO D/ BATTAGLIA; Piazza per la Concordia, 11;SAN MARTINO D/ BATTAGLIA;BS;;;;;
BCB;FILIALE;SAN PAOLO;Piazza Aldo Moro, 9;SAN PAOLO;BS;;;;;
BCB;FILIALE;SAREZZO 1;Via Roma, 8;SAREZZO;BS;;;;;
BCB;FILIALE;SAREZZO 2;Via G. Carducci, 2;SAREZZO;BS;;;;;
BCB;FILIALE; SARMEOLA DI RUBANO;Via Varotari; SARMEOLA DI RUBANO;PD;;;;;
BCB;FILIALE;SARONNO;Via Giuseppe  Garibaldi, 5;SARONNO;VA;;;;;
BCB;FILIALE;SCHIO;Via Battaglione Val Leogra, 6;SCHIO;VI;;;;;
BCB;FILIALE;SENIGA;Via San Rocco, 15;SENIGA;BS;;;;;
BCB;FILIALE;SERIATE;Via Paderno, 25;SERIATE;BG;;;;;
BCB;FILIALE;SERLE;Via Galileo Galilei, 1;SERLE;BS;;;;;
BCB;FILIALE;SIRMIONE 1 (Loc. Colombare);Via Colombare;SIRMIONE;BS;;;;;
BCB;FILIALE;SIRMIONE 2;Piazza Castello, 58;SIRMIONE;BS;;;;;
BCB;FILIALE;SONA (Fraz.LUGAGNANO);Via 26 Aprile, 19 ;SONA;VR;;;;;
BCB;FILIALE;SORIANO NEL CIMINO;Piazza 20 Settembre, 1/2;SORIANO NEL CIMINO;VT;;;;;
BCB;FILIALE;STEZZANO;Piazza Libertà, 12;STEZZANO;BG;;;;;
BCB;FILIALE;SULZANO;Via Cesare  Battisti, 85;SULZANO;BS;;;;;
BCB;FILIALE;SUMIRAGO;Via Brioschi, 2;SUMIRAGO;VA;;;;;
BCB;FILIALE;SUTRIO;Piazza 22 Luglio 1944, 13;SUTRIO;UD;;;;;
BCB;FILIALE;SANT' AMBROGIO VALPOLICELLA;Via Giacomo  Matteotti, 2;SANT' AMBROGIO VALPOLICELLA;VR;;;;;
BCB;FILIALE;TARQUINIA;Piazzale Europa, 4;TARQUINIA;VT;;;;;
BCB;FILIALE;TAVERNOLE SUL MELLA;Via 4 Novembre, 40/42;TAVERNOLE SUL MELLA;BS;;;;;
BCB;FILIALE;TIGNALE;Piazza Apollo, 11;TIGNALE;BS;;;;;
BCB;FILIALE;TOLMEZZO;Piazza 20 Settembre, 2;TOLMEZZO;UD;;;;;
BCB;FILIALE;TORBOLE CASAGLIA;Piazza Caduti, 8;TORBOLE CASAGLIA;BS;;;;;
BCB;FILIALE;TORINO;C.so Inghilterra, 59;TORINO;TO;;;;;
BCB;FILIALE;TOSCOLANO MADERNO 1;Via Montana, 1;TOSCOLANO MADERNO;BS;;;;;
BCB;FILIALE;TOSCOLANO MADERNO 2;Via Statale Toscolano, 114;TOSCOLANO MADERNO;BS;;;;;
BCB;FILIALE;TRADATE;Via Antonio  Cantore, 1;TRADATE;VA;;;;;
BCB;FILIALE;TRAVAGLIATO ;Piazza Liberta';TRAVAGLIATO ;BS;;;;;
BCB;FILIALE;TRESCORE BALNEARIO;Via Lorenzo Lotto, 6/a;TRESCORE BALNEARIO;BG;;;;;
BCB;FILIALE;TREVIGLIO;Via A. De Gasperi, 3;TREVIGLIO;BG;;;;;
BCB;FILIALE;TREVIOLO;Piazza Benedetti, 10;TREVIOLO;BG;;;;;
BCB;FILIALE;TREVISO;Piazza Vittoria, 14;TREVISO;TV;;;;;
BCB;FILIALE;TREZZANO ROSA;Piazza San Gottardo, 14;TREZZANO ROSA;MI;;;;;
BCB;FILIALE;TREZZO SULL'ADDA  ;Via Bazzoni;TREZZO SULL'ADDA  ;MI;;;;;
BCB;FILIALE;TUSCANIA ;Via Tarquinia ;TUSCANIA ;VT;;;;;
BCB;FILIALE;UBOLDO;Via Italia, 2;UBOLDO;VA;;;;;
BCB;FILIALE;UDINE;Via F. Di Toppo, 87;UDINE;UD;;;;;
BCB;FILIALE;VARESE 1;Via Sanvito Silvestro, 60;VARESE;VA;;;;;
BCB;FILIALE;VARESE 2;Via B.  Luini, 3;VARESE;VA;;;;;
BCB;FILIALE;VARESE 3;Via Veratti, 10;VARESE;VA;;;;;
BCB;FILIALE;VASANELLO;Piazza della Repubblica, 55/56;VASANELLO;VT;;;;;
BCB;FILIALE;VENEGONO SUPERIORE;Piazza Montegrappa, 8;VENEGONO SUPERIORE;VA;;;;;
BCB;FILIALE;VENEZIA;San Polo, 2033;VENEZIA;VE;;;;;
BCB;FILIALE;VERDELLINO;Piazza Affari, 32;VERDELLINO;BG;;;;;
BCB;FILIALE;VEROLANUOVA ;Piazza Liberta', 1;VEROLANUOVA ;BS;;;;;
BCB;FILIALE;VERONA 1;Largo Caldera, 13;VERONA;VR;;;;;
BCB;FILIALE;VERONA 2;Via 24 Maggio, 16;VERONA;VR;;;;;
BCB;FILIALE;VERONA 3;Via Albere, 18;VERONA;VR;;;;;
BCB;FILIALE;VERONA 4;Via Murari Bra', 12/b;VERONA;VR;;;;;
BCB;FILIALE;VESTONE;Via Perlasca, 5;VESTONE;BS;;;;;
BCB;FILIALE;VETRALLA;Via Roma, 21/23;VETRALLA;VT;;;;;
BCB;FILIALE;VICENZA 1;Viale San Lazzaro, 179;VICENZA;VI;;;;;
BCB;FILIALE;VICENZA 2;Via 4 Novembre, 60;VICENZA;VI;;;;;
BCB;FILIALE;VIGNANELLO;Via V. Olivieri, 1/a;VIGNANELLO;VT;;;;;
BCB;FILIALE;VILLA CARCINA ;Via G. Marconi, 39/C;VILLA CARCINA ;BS;;;;;
BCB;FILIALE;VILLA D'ALME';Via Roma, 31;VILLA D'ALME';BG;;;;;
BCB;FILIALE;VILLAFRANCA DI VERONA;Via della Pace, 58;VILLAFRANCA DI VERONA;VR;;;;;
BCB;FILIALE;VIMERCATE;Via Giuseppe Mazzini, 72;VIMERCATE;MI;;;;;
BCB;FILIALE;VISANO;Via Gugliemo  Marconi, 11;25010 VISANO;BS;;;;;
BCB;FILIALE;VITERBO;Corso Italia, 36;VITERBO;VT;;;;;
BCB;FILIALE;VITERBO 1;Via Saragat;VITERBO;VT;;;;;
BCB;FILIALE;VITERBO 2;Via Monte San Valentino;VITERBO;VT;;;;;
BCB;FILIALE;VITERBO 3;Via Carlo  Cattaneo, 46;VITERBO;VT;;;;;
BCB;FILIALE;VITERBO 4;Via San  Lorenzo, 56/58;VITERBO;VT;;;;;
BCB;FILIALE;VITERBO 5;Via Venezia Giulia, 20/22;VITERBO;VT;;;;;
BCB;FILIALE;VITORCHIANO;Via Borgo Cavour, 10;VITORCHIANO;VT;;;;;
BCB;FILIALE;VOBARNO ;Via Migliorini;VOBARNO ;BS;;;;;
BCB;FILIALE;ZONE;Via Monte Guglielmo, 44;ZONE;BS;;;;;
BRE;FILIALE;ABBIATEGRASSO;Piazza Camillo Golgi, 26;ABBIATEGRASSO;MI;;;;;
BRE;SEDE;ALBA ;Via T. Calisano, 9;ALBA ;CN;;;;;
BRE;FILIALE;ALBA Agenzia n. 1;Viale Giovanni Vico, 5;ALBA ;CN;;;;;
BRE;FILIALE;ALBA Agenzia n. 2;C.so Piave, 74;ALBA ;CN;;;;;
BRE;FILIALE;ALBA Agenzia n. 3;C.so Langhe, 66;ALBA ;CN;;;;;
BRE;FILIALE;ALBA Agenzia n. 4;Corso Cavour;ALBA ;CN;;;;;
BRE;FILIALE;ALBUZZANO;Via Giuseppe Mazzini, 92/94;ALBUZZANO;PV;;;;;
BRE; FILIALE;ALESSANDRIA; Via Dante;ALESSANDRIA;AL;;;;;
BRE;FILIALE;ALESSANDRIA Ag. 1; P.zza G. Marconi;ALESSANDRIA;AL;;;;;
BRE;FILIALE;AOSTA;Via Xavier de Maistre, 8;AOSTA;AOSTA;;;;;
BRE; FILIALE;ARQUATA SCRIVIA; Via Libarna, 56;ARQUATA SCRIVIA;AL;;;;;
BRE;FILIALE;ASTI;C.so Vittorio Alfieri, 137;ASTI;AT;;;;;
BRE;FILIALE;BAGNASCO;Via Roma, 3;BAGNASCO;CN;;;;;
BRE;FILIALE;BAGNOLO PIEMONTE;Via Cavalieri di Vittorio Veneto, 12;BAGNOLO PIEMONTE;CN;;;;;
BRE;FILIALE;BARGE;Viale Giuseppe Mazzini, 1;BARGE;CN;;;;;
BRE;FILIALE;BAROLO;Via Roma, 53;BAROLO;CN;;;;;
BRE;FILIALE;BEINETTE;Via Vittorio Veneto, 4;BEINETTE;CN;;;;;
BRE;FILIALE;BELGIOIOSO;Via Ugo Dozzio, 15;BELGIOIOSO;PV;;;;;
BRE;FILIALE;BERGAMO Agenzia n. 1;Via Brigata Lupi, 2;BERGAMO;BG;;;;;
BRE;FILIALE;BERGAMO Filiale;Largo Rezzara, 3;BERGAMO;BG;;;;;
BRE;FILIALE;BIBIANA;Via C. Cavour, 25;BIBIANA;TO;;;;;
BRE;FILIALE;BORGARELLO;Via Principale, 3;BORGARELLO;PV;;;;;
BRE; FILIALE;BORGHETTO BORBERA; Via San Michele, 2;BORGHETTO BORBERA;AL;;;;;
BRE;FILIALE;BORGO SAN DALMAZZO;Piazza Liberazione, 8-10;BORGO SAN DALMAZZO;CN;;;;;
BRE;FILIALE;BORGO SAN DALMAZZO Ag. 1;Via Po, 41/43;BORGO SAN DALMAZZO;CN;;;;;
BRE;FILIALE;BORGOSESIA;Via Sesone, 36;BORGOSESIA;VC;;;;;
BRE;FILIALE;BOSSOLASCO;Corso Della Valle, 29;BOSSOLASCO;CN;;;;;
BRE;FILIALE;BOVES;Piazza dell'Olmo, 2;BOVES;CN;;;;;
BRE;FILIALE;BRA;Via Giuseppe Verdi, 10;BRA;CN;;;;;
BRE;FILIALE;BRA Frazione BANDITO;Via Don Orione, 85;BRA;CN;;;;;
BRE;FILIALE;BRESCIA Filiale;Piazza della Loggia, 3;BRESCIA;BS;;;;;
BRE;FILIALE;BRICHERASIO;Piazza Castelvecchio, 17;BRICHERASIO;TO;;;;;
BRE; FILIALE;BRIGNANO FRASCATA; Via Roma, 44;BRIGNANO FRASCATA;AL;;;;;
BRE;FILIALE;BROSSASCO;Via Roma, 11/a;BROSSASCO;CN;;;;;
BRE;FILIALE;BUSCA;Piazza Savoia, 9;BUSCA;CN;;;;;
BRE; FILIALE;CABELLA LIGURE; Piazza della Vittoria, 7;CABELLA LIGURE;AL;;;;;
BRE;FILIALE;CANALE;Via Roma, 72;CANALE;CN;;;;;
BRE;FILIALE;CAORSO;Via Roma, 12;CAORSO;PC;;;;;
BRE;FILIALE;CARAGLIO;Piazza Madre Teresa, 8;CARAGLIO;CN;;;;;
BRE;FILIALE;CARPANETO PIACENTINO;Via G. Rossi, 42;CARPANETO PIACENTINO;PC;;;;;
BRE;FILIALE;CARRÙ;Viale Vittorio Veneto, 2;CARRÙ;CN;;;;;
BRE;FILIALE;CARUGATE;Via Toscana, 10;CARUGATE;MI;;;;;
BRE;FILIALE;CASALE MONFERRATO; Via Saffi, 73;CASALE MONFERRATO;AL;;;;;
BRE; FILIALE;CASALNOCETO; Piazza Martiri della Libertà, 10;CASALNOCETO;AL;;;;;
BRE; FILIALE;CASEI GEROLA;Piazza Meardi, 9;CASEI GEROLA;PV;;;;;
BRE;FILIALE;CASORATE PRIMO;Via S. Agostino, 1;CASORATE PRIMO;PV;;;;;
BRE;FILIALE;CASSOLNOVO;Via Lavatelli, 16/20;CASSOLNOVO;PV;;;;;
BRE;FILIALE;CASTEGGIO;Viale Giulietti, 10;CASTEGGIO;PV;;;;;
BRE;FILIALE;CASTELLEONE;Via Roma, 69;CASTELLEONE;CR;;;;;
BRE;FILIALE;CASTELLETTO STURA;Via Guglielmo Marconi, 6;CASTELLETTO STURA;CN;;;;;
BRE; FILIALE;CASTELNUOVO SCRIVIA; Via Solferino, 11;CASTELNUOVO SCRIVIA;AL;;;;;
BRE;FILIALE;CASTIGLIONE TINELLA;Via Circonvallazione, 12;CASTIGLIONE TINELLA;CN;;;;;
BRE;FILIALE;CENTALLO;Piazza Vittorio Emanuele II, 17;CENTALLO;CN;;;;;
BRE;FILIALE;CEVA;Piazza Vittorio Emanuele II, 3;CEVA;CN;;;;;
BRE;FILIALE;CHERASCO;Via Vittorio Emanuele II, 34;CHERASCO;CN;;;;;
BRE;FILIALE;CHIUSA DI PESIO;Via Roma, 5;CHIUSA DI PESIO;CN;;;;;
BRE;FILIALE;CINISELLO BALSAMO;Viale Umbria, 4;CINISELLO BALSAMO;MI;;;;;
BRE;FILIALE;CODOGNO;Via Roma, 11;CODOGNO;LO;;;;;
BRE;FILIALE;COLORNO;Via San Rocco, 34;COLORNO;PR;;;;;
BRE;FILIALE;COMO ;Viale Giulio Cesare, 26/28;COMO ;CO;;;;;
BRE;FILIALE;CORNELIANO D'ALBA;Piazza Cottolengo, 42;CORNELIANO D'ALBA;CN;;;;;
BRE;FILIALE;CORTEMILIA;Piazza Castello, 1;CORTEMILIA;CN;;;;;
BRE;FILIALE;COSTIGLIOLE SALUZZO;Via Vittorio Veneto, 94;COSTIGLIOLE SALUZZO;CN;;;;;
BRE;FILIALE;CREMA;Viale Repubblica, 79;CREMA;CR;;;;;
BRE;FILIALE;CREMONA Agenzia n. 1;Piazza Stradivari, 19;CREMONA;CR;;;;;
BRE;FILIALE;CREMONA Filiale;Via Mantova, 137 ;CREMONA;CR;;;;;
BRE;SEDE;CUNEO ;Piazza Europa, 1;CUNEO ;CN;;;;;
BRE;FILIALE;CUNEO Agenzia n. 1;Via Luigi Gallo, 1;CUNEO ;CN;;;;;
BRE;FILIALE;CUNEO Agenzia n. 2;Via Roma, 13/b;CUNEO ;CN;;;;;
BRE;FILIALE;CUNEO Agenzia n. 3;Via della Battaglia, 15;CUNEO ;CN;;;;;
BRE;FILIALE;CUNEO Agenzia n. 4;Corso Nizza, 57/a;CUNEO ;CN;;;;;
BRE;FILIALE;CUNEO Agenzia n. 5;C.so Antonio Gramsci, 1;CUNEO ;CN;;;;;
BRE;FILIALE;CUNEO Agenzia n. 6;Via Savona, 8;CUNEO ;CN;;;;;
BRE;FILIALE;CUNEO Agenzia n. 7;Via A. Carle, 2;CUNEO ;CN;;;;;
BRE;FILIALE;CUNEO Agenzia n. 8;Piazzale della Repubblica;CUNEO ;CN;;;;;
BRE;FILIALE;CUNEO Agenzia n. 9 ;Via Michele Coppino, 16;CUNEO ;CN;;;;;
BRE;FILIALE;DEMONTE;Via Martiri e Caduti della Libertà, 1;DEMONTE;CN;;;;;
BRE;FILIALE;DOGLIANI;Via Castellero, 6;DOGLIANI;CN;;;;;
BRE;FILIALE;DRONERO;Piazza San  Sebastiano, 7;DRONERO;CN;;;;;
BRE;FILIALE;ENTRACQUE;Via della Resistenza, 5;ENTRACQUE;CN;;;;;
BRE;FILIALE;FARIGLIANO;Piazza San  Giovanni, 7;FARIGLIANO;CN;;;;;
BRE;FILIALE;FIDENZA;Piazza G. Garibaldi, 41;FIDENZA;PR;;;;;
BRE;FILIALE;FOSSANO;Via Roma, 3;FOSSANO;CN;;;;;
BRE;FILIALE;FRABOSA SOPRANA;Piazza Guglielmo Marconi, 1;FRABOSA SOPRANA;CN;;;;;
BRE;FILIALE;FRABOSA SOTTANA;Via 4 Novembre, 30;FRABOSA SOTTANA;CN;;;;;
BRE;sportello;BARBARESCO;Via Torino, 16;BARBARESCO;CN;;;;;
BRE;FILIALE;GALLO D'ALBA;Via G. Garibaldi, 180;GALLO D'ALBA;CN;;;;;
BRE; FILIALE;GARBAGNA; Via Roma, 21;GARBAGNA;AL;;;;;
BRE;FILIALE;GARESSIO;Corso Statuto, 15;GARESSIO;CN;;;;;
BRE;FILIALE;GARLASCO;Corso C. Cavour, 55;GARLASCO;PV;;;;;
BRE;FILIALE;GENOLA;Via Roma, 32;GENOLA;CN;;;;;
BRE;FILIALE;GIUSSAGO;Via Roma, 38;GIUSSAGO;PV;;;;;
BRE;FILIALE;GODIASCO;Piazza Mercato, 19;GODIASCO;PV;;;;;
BRE;FILIALE;GOVONE;Piazza Vittorio Emanuele II, 9;GOVONE;CN;;;;;
BRE;FILIALE;GOZZANO;Via 25 Aprile, 127-129;GOZZANO;NO;;;;;
BRE;FILIALE;GRAGNANO TREBBIENSE;Via Roma, 52;GRAGNANO TREBBIENSE;PC;;;;;
BRE;FILIALE;INDUNO OLONA;Via Porro, 28;INDUNO OLONA;VA;;;;;
BRE; FILIALE;ISOLA SANT'ANTONIO; Piazza del Peso;ISOLA SANT'ANTONIO;AL;;;;;
BRE;FILIALE;LAGNASCO;Via Roma, 30;LAGNASCO;CN;;;;;
BRE;FILIALE;LANDRIANO;Via Milano, 40;LANDRIANO;PV;;;;;
BRE;FILIALE;LAVENO MOMBELLO;Via Labiena, 89;LAVENO MOMBELLO;VA;;;;;
BRE;FILIALE;LECCO;Via Resinelli, 2;LECCO;LC;;;;;
BRE;FILIALE;LIMONE PIEMONTE;Via Roma, 62;LIMONE PIEMONTE;CN;;;;;
BRE;FILIALE;LINAROLO;Via Cavallotti, 5;LINAROLO;PV;;;;;
BRE;FILIALE;LODI ;Via Fissiraga, 18;LODI ;LO;;;;;
BRE;FILIALE;MAGHERNO;Via Roma, 255;MAGHERNO;PV;;;;;
BRE;FILIALE;MAGLIANO ALFIERI;Via 4 Novembre, 54;MAGLIANO ALFIERI;CN;;;;;
BRE;FILIALE;MAGLIANO ALPI;Via Langhe, 158;MAGLIANO ALPI;CN;;;;;
BRE;FILIALE;MANGO;Piazza 20 Settembre, 6;MANGO;CN;;;;;
BRE;FILIALE;MANTOVA Agenzia n. 1;Viale Divisione Acqui, 14;MANTOVA;MN;;;;;
BRE;FILIALE;MANTOVA Filiale;Piazza Guglielmo Marconi, 7;MANTOVA;MN;;;;;
BRE;FILIALE;MARCIGNAGO;Via Umberto I,  46;MARCIGNAGO;PV;;;;;
BRE;FILIALE;MELEGNANO;Via Cesare Battisti, 37/a;MELEGNANO;MI;;;;;
BRE;SEDE;MILANO ;Via Monte di Pietà, 7;MILANO ;MI;;;;;
BRE;FILIALE;MENTONE;Avenue de Verdun, 21;MENTONE (Francia);F;;;;;
BRE;FILIALE;MILANO Ag. CENTRO TRAUM. ORTOPEDICO (C.T.O.);Via Bignami, 1;MILANO;MI;;;;;
BRE;FILIALE;MILANO Ag. IST. OSPED. MATERNITÀ (I.O.P.M.);Via Macedonio Melloni, 52;MILANO;MI;;;;;
BRE;FILIALE;MILANO Ag. ISTITUTI  CLINICI;Via della Commenda, 12;MILANO;MI;;;;;
BRE;FILIALE;MILANO Ag. OSP. FATEBENEFRATELLI;Corso Porta Nuova, 23;MILANO;MI;;;;;
BRE;FILIALE;MILANO Ag. OSP. MAGGIORE;Via Francesco Sforza, 28;MILANO;MI;;;;;
BRE;FILIALE;MILANO Ag. OSP. NIGUARDA;Piazza Ospedale Maggiore, 3;MILANO;MI;;;;;
BRE;FILIALE;MILANO Ag. OSP. SAN CARLO;Via Pio II, 3;MILANO;MI;;;;;
BRE;FILIALE;MILANO Ag. OSP. V. BUZZI;Via Castelvetro, 32;MILANO;MI;;;;;
BRE;FILIALE;MILANO Ag. PIO ALBERGO TRIVULZIO (C.O.P.A.T.);Via Trivulzio, 15;MILANO;MI;;;;;
BRE;FILIALE;MILANO Agenzia n. 1;Corso Italia, 17;MILANO;MI;;;;;
BRE;FILIALE;MILANO Agenzia n. 10;Via Lomellina, 50;MILANO;MI;;;;;
BRE;FILIALE;MILANO Agenzia n. 11;Via Pisanello, 2;MILANO;MI;;;;;
BRE;FILIALE;MILANO Agenzia n. 12;Corso Lodi, 78;MILANO;MI;;;;;
BRE;FILIALE;MILANO Agenzia n. 13;Piazza Gasparri, 4;MILANO;MI;;;;;
BRE;FILIALE;MILANO Agenzia n. 14;Via Panizzi, 15;MILANO;MI;;;;;
BRE;FILIALE;MILANO Agenzia n. 15;Via dei Missaglia;MILANO;MI;;;;;
BRE;FILIALE;MILANO Agenzia n. 16;Viale Monza, 325;MILANO;MI;;;;;
BRE;FILIALE;MILANO Agenzia n. 19;Corso Cristoforo Colombo, 10;MILANO;MI;;;;;
BRE;FILIALE;MILANO Agenzia n. 2;P.zza San Francesca Romana, 3;MILANO;MI;;;;;
BRE;FILIALE;MILANO Agenzia n. 3;Via Meda;MILANO;MI;;;;;
BRE;FILIALE;MILANO Agenzia n. 311;Largo D'Ancona, 1;MILANO;MI;;;;;
BRE;FILIALE;MILANO Agenzia n. 4;Corso 22 Marzo, 22;MILANO;MI;;;;;
BRE;FILIALE;MILANO Agenzia n. 5;Via Fabio Filzi, 23;MILANO;MI;;;;;
BRE;FILIALE;MILANO Agenzia n. 6;Via Ampère, 15;MILANO;MI;;;;;
BRE;FILIALE;MILANO Agenzia n. 7;Piazzale Lagosta, 6;MILANO;MI;;;;;
BRE;FILIALE;MILANO Agenzia n. 8;Via Padova, 175;MILANO;MI;;;;;
BRE;FILIALE;MILANO Agenzia n. 9;Viale Certosa, 138;MILANO;MI;;;;;
BRE;FILIALE;MONDOVÌ Agenzia  Altipiano;Piazza G. Mellano, 6;MONDOVÌ;CN;;;;;
BRE;FILIALE;MONDOVÌ Agenzia n. 2;Corso Europa, 23;MONDOVÌ;CN;;;;;
BRE;FILIALE;MONDOVI' Agenzia n. 3;Piazza Maggiore, 8;MONDOVÌ;CN;;;;;
BRE;SEDE;MONDOVÌ Sede;Piazzale Ellero, 20;MONDOVÌ;CN;;;;;
BRE;sportello;BRALLO DI PREGOLA ;Piazza Principale del Brallo;BRALLO;PV;;;;;
BRE;FILIALE;MONESIGLIO;Via Roma, 4;MONESIGLIO;CN;;;;;
BRE;FILIALE;MONFORTE D'ALBA;Via Giuseppe Garibaldi, 4;MONFORTE D'ALBA;CN;;;;;
BRE; FILIALE;MONLEALE; Corso Roma, 41/43;MONLEALE;AL;;;;;
BRE;FILIALE;MONTÀ;Piazza Vittorio Veneto, 31;MONTÀ;CN;;;;;
BRE;FILIALE;MONTEBELLO DELLA BATTAGLIA;Piazza Carlo Barbieri	, 1;MONTEBELLO DELLA BATTAGLIA;PV;;;;;
BRE;FILIALE;MONTICELLO D'ALBA;P.za Martiri della Libertà, 2;MONTICELLO D'ALBA;CN;;;;;
BRE;FILIALE;MONZA;Piazza Duomo, 5;MONZA;MI;;;;;
BRE;FILIALE;MORETTA;Via Torino, 73/bis;MORETTA;CN;;;;;
BRE;FILIALE;MOROZZO;Via Guglielmo  Marconi, 78;MOROZZO;CN;;;;;
BRE;FILIALE;MORTARA;Piazza Silvabella, 33;MORTARA;PV;;;;;
BRE;FILIALE;MURAZZANO;Via L. Bruno, 6;MURAZZANO;CN;;;;;
BRE;FILIALE;MUSSOTTO D'ALBA;Strada Guarene, 2/1;MUSSOTTO D'ALBA;CN;;;;;
BRE;FILIALE;NARZOLE;Via Pace, 2;NARZOLE;CN;;;;;
BRE;FILIALE;NEIVE;Piazza della Libertà, 2;NEIVE;CN;;;;;
BRE;FILIALE;NIZZA (Francia);Avenue de Suède, 5;NIZZA (Francia);F;;;;;
BRE;FILIALE;NIZZA MONFERRATO;Piazza Giuseppe Garibaldi, 70;NIZZA MONFERRATO;AT;;;;;
BRE;FILIALE;NOVARA;Largo Don Minzoni, 5;NOVARA;NO;;;;;
BRE;FILIALE;NOVARA Agenzia n. 1;Via Canobio, 10;NOVARA;NO;;;;;
BRE; FILIALE;NOVI LIGURE; Corso Marenco, 141;NOVI LIGURE;AL;;;;;
BRE;FILIALE;PAESANA;Via Po, 41;PAESANA;CN;;;;;
BRE;FILIALE;PARMA ;Via Tanara, 20/c;PARMA ;PR;;;;;
BRE;SEDE;PAVIA ;Corso Strada Nuova, 61/c;PAVIA ;PV;;;;;
BRE;FILIALE;PAVIA Agenzia Borgo Ticino;Via dei Mille, 7;PAVIA ;PV;;;;;
BRE;FILIALE;PAVIA Agenzia Città Giardino;Viale Ludovico il Moro, 51/b;PAVIA ;PV;;;;;
BRE;FILIALE;PAVIA Agenzia Cravino;Via Taramelli, 20;PAVIA ;PV;;;;;
BRE;FILIALE;PAVIA Agenzia Mirabello;Via Pavesi, 2;PAVIA ;PV;;;;;
BRE;FILIALE;PAVIA Agenzia Porta Cavour;Corso Alessandro Manzoni, 17;PAVIA ;PV;;;;;
BRE;FILIALE;PAVIA Agenzia San Paolo Crosione;Piazzale Gaffurio, 9;PAVIA ;PV;;;;;
BRE;FILIALE;PAVIA Agenzia San Pietro in Verzolo;Via San  Pietro in Verzolo, 4;PAVIA ;PV;;;;;
BRE;FILIALE;PEVERAGNO;via P. Toselli, 1;PEVERAGNO;CN;;;;;
BRE;FILIALE;PIACENZA Agenzia n. 1;Via Sopramuro, 15;PIACENZA;PC;;;;;
BRE;FILIALE;PIACENZA Agenzia n. 2;Via Manfredi, 7;PIACENZA;PC;;;;;
BRE;FILIALE;PIACENZA Filiale;Via Cristoforo Colombo, 19;PIACENZA;PC;;;;;
BRE;FILIALE;PIASCO;Piazza Martiri della Liberazione, 7;PIASCO;CN;;;;;
BRE;FILIALE;PINAROLO PO;Via Agostino Depretis, 84;PINAROLO PO;PV;;;;;
BRE;FILIALE;PINEROLO;Via Savoia;PINEROLO;TO;;;;;
BRE;FILIALE;PONTE DELL’OLIO;Via Vittorio  Veneto, 75;PONTE DELL’OLIO;PC;;;;;
BRE; FILIALE;PONTECURONE; Piazza Giacomo Matteotti, 5;PONTECURONE;AL;;;;;
BRE; FILIALE;POZZOLO FORMIGARO; Via Roma,  31;POZZOLO FORMIGARO;AL;;;;;
BRE;FILIALE;PREGNANA MILANESE;Via Roma, 46;PREGNANA MILANESE;MI;;;;;
BRE;FILIALE;PRIOCCA;Via Umberto I, 65;PRIOCCA;CN;;;;;
BRE;FILIALE;RACCONIGI;Piazza Roma, 8;RACCONIGI;CN;;;;;
BRE;FILIALE;REVELLO;Via Saluzzo n. 80;REVELLO;CN;;;;;
BRE;FILIALE;RIVOLI;Via Rombo', 25/e ;RIVOLI;TO;;;;;
BRE;FILIALE;ROBBIO;Piazza Libertà, 8;ROBBIO;PV;;;;;
BRE;FILIALE;ROBILANTE;Via Umberto I, 22;ROBILANTE;CN;;;;;
BRE;FILIALE;ROCCAVIONE;Piazza Biagioni, 27;ROCCAVIONE;CN;;;;;
BRE; FILIALE;ROCCHETTA LIGURE; Piazza Regina Margherita;ROCCHETTA LIGURE;AL;;;;;
BRE;FILIALE;ROMENTINO;Via dei Conti Caccia, 1;ROMENTINO;NO;;;;;
BRE;FILIALE;ROZZANO;Via Torino, 85;ROZZANO;MI;;;;;
BRE; FILIALE;SALE; Piazza Giuseppe Garibaldi, 8;SALE;AL;;;;;
BRE;FILIALE;SALICE TERME;Viale delle Terme, 44;SALICE TERME;PV;;;;;
BRE;FILIALE;SALICETO;Piazza C. Giusta, 1;SALICETO;CN;;;;;
BRE;FILIALE;SALUZZO;Corso Italia, 57;SALUZZO;CN;;;;;
BRE;FILIALE;SAMPEYRE;Via Vittorio Emanuele II, 22;SAMPEYRE;CN;;;;;
BRE;FILIALE;SAN MARTINO SICCOMARIO;Via Roma, 23;SAN MARTINO SICCOMARIO;PV;;;;;
BRE;FILIALE;SAN MICHELE MONDOVÌ;Via Nielli, 15/a;SAN MICHELE MONDOVÌ;CN;;;;;
BRE;FILIALE;SAN NICOLÒ A TREBBIA;Via Emilia Est, 48;SAN NICOLÒ A TREBBIA;PC;;;;;
BRE;FILIALE;SANFRONT;Corso Guglielmo Marconi, 14;SANFRONT;CN;;;;;
BRE;FILIALE;SANNAZZARO DE’ BURGONDI;Viale Libertà  3/5;SANNAZZARO DE’ BURGONDI;PV;;;;;
BRE;FILIALE;SANTO STEFANO BELBO;Corso Piave, 82;SANTO STEFANO BELBO;CN;;;;;
BRE; FILIALE;SAREZZANO; Piazza L. Sarzano, 4;SAREZZANO;AL;;;;;
BRE;FILIALE;SAVIGLIANO;Piazza Schiapparelli, 10;SAVIGLIANO;CN;;;;;
BRE;FILIALE;SCARNAFIGI;Piazza Vittorio Emanuele II, 14;SCARNAFIGI;CN;;;;;
BRE; FILIALE;SILVANO D'ORBA; Via Cesare Battisti, 32;SILVANO D'ORBA;AL;;;;;
BRE;FILIALE;SIZIANO;Via Roma, 22;SIZIANO;PV;;;;;
BRE;FILIALE;SOMMARIVA DEL BOSCO;Via Del Sangue, 11/b;SOMMARIVA DEL BOSCO;CN;;;;;
BRE;FILIALE;SONCINO;Largo Manzella;SONCINO;CR;;;;;
BRE; FILIALE;STAZZANO; Via Fossati, 2/a;STAZZANO;AL;;;;;
BRE;FILIALE;STRADELLA;Via Trento, 85;STRADELLA;PV;;;;;
BRE;FILIALE;TARANTASCA;Via Carletto Michelis, 3;TARANTASCA;CN;;;;;
BRE;FILIALE;TORINO Agenzia n. 1;Corso Dante, 55;TORINO;TO;;;;;
BRE;FILIALE;TORINO Agenzia n. 2;Corso Vittorio Emanuele II, 107;TORINO;TO;;;;;
BRE;FILIALE;TORINO Agenzia n. 3;Corso Vercelli, 81;TORINO;TO;;;;;
BRE;FILIALE;TORINO Agenzia n. 4;Corso Unione Sovietica, 503;TORINO;TO;;;;;
BRE;FILIALE;TORINO Agenzia n. 5;Via Gobetti, 1/a;TORINO;TO;;;;;
BRE; FILIALE;TORINO Agenzia n. 6;Piazza Gran Madre di Dio, 2;TORINO;TO;;;;;
BRE;FILIALE;TORINO Filiale;Via Madama Cristina, 30;TORINO;TO;;;;;
BRE; SEDE;TORTONA ; Piazza Duomo, 13;TORTONA ;AL;;;;;
BRE;TESOR.;TORTONA - Tesoreria Enti; Corso Montebello, 62;TORTONA ;AL;;;;;
BRE; FILIALE;TORTONA Ag. 1  San Bernardino; Corso Don Orione, 46;TORTONA ;AL;;;;;
BRE; FILIALE;TORTONA Ag. 2 P. Voghera; Via Emilia, 422;TORTONA ;AL;;;;;
BRE; FILIALE;TORTONA Ag. 3 Rivalta Scrivia; Strada Provinciale Pozzolo, 22;TORTONA ;AL;;;;;
BRE;FILIALE;TORTONA Ag. 4; Corso Della Repubblica, 2/d;TORTONA ;AL;;;;;
BRE;FILIALE;TORTONA Ag. 5 ; Via Sacro Cuore;TORTONA ;AL;;;;;
BRE;FILIALE;TRAVACÒ SICCOMARIO;Piazzale Europa, 1;TRAVACÒ SICCOMARIO;PV;;;;;
BRE;FILIALE;TREZZO SULL'ADDA;Piazza Libertà, 1;TREZZO SULL'ADDA;MI;;;;;
BRE;FILIALE;VALDIERI;C.so Caduti in Guerra, 13;VALDIERI;CN;;;;;
BRE;FILIALE;VALENZA; Via Lega Lombarda;VALENZA;AL;;;;;
BRE;FILIALE;VALGRANA;Via Caraglio, 9;VALGRANA;CN;;;;;
BRE;FILIALE;VALLE LOMELLINA;Piazza Corte Granda, 4;VALLE LOMELLINA;PV;;;;;
BRE;FILIALE;VARESE ;Via Magenta, 3;VARESE ;VA;;;;;
BRE;FILIALE;VARESE Agenzia n. 1;Viale Luigi Borri, 146;VARESE ;VA;;;;;
BRE;pegno;VARESE;Viale Milano, 20;VARESE;VA;;;;;
BRE;FILIALE;VARZI;Via Pietro Mazza, 52;VARZI;PV;;;;;
BRE;FILIALE;VERCELLI ;Piazza Cavour, 23;VERCELLI ;VC;;;;;
BRE;FILIALE;VERNANTE;Piazza de l'Ala, 4;VERNANTE;CN;;;;;
BRE;FILIALE;VERZUOLO;Piazza Martiri della Libertà, 13;VERZUOLO;CN;;;;;
BRE;FILIALE ;VICOFORTE;Via di Gariboggio, 43;VICOFORTE;CN;;;;;
BRE;FILIALE;VIGEVANO;Via Decembrio, 27;VIGEVANO;PV;;;;;
BRE;FILIALE;VIGEVANO Agenzia n. 1 ;Piazza Alessandro Volta, 7 ;VIGEVANO;PV;;;;;
BRE; FILIALE;VIGNOLE BORBERA; Via Manzoni, 8;VIGNOLE BORBERA;AL;;;;;
BRE;FILIALE;VILLAFALLETTO;Via Vittorio Veneto, 24;VILLAFALLETTO;CN;;;;;
BRE; FILIALE;VILLALVERNIA; Via Carbone, 69;VILLALVERNIA;AL;;;;;
BRE;FILIALE;VILLANOVA MONDOVÌ;Via Roma, 33/a;VILLANOVA MONDOVÌ;CN;;;;;
BRE; FILIALE;VILLAROMAGNANO; Via della Chiesa;VILLAROMAGNANO;AL;;;;;
BRE;FILIALE;VIMODRONE;Strada Padana Superiore, 287;VIMODRONE;MI;;;;;
BRE;FILIALE;VINADIO;Via Roma, 11;VINADIO;CN;;;;;
BRE;FILIALE;VISTARINO;Via Vivente, 27/a;VISTARINO;PV;;;;;
BRE;FILIALE;VITTUONE;Via Villoresi, 67;VITTUONE;MI;;;;;
BRE;FILIALE;VOGHERA;Via Giacomo Matteotti, 33;VOGHERA;PV;;;;;
BRE; FILIALE;VOGHERA Agenzia n. 1;Via Sant'Ambrogio, 17;VOGHERA;PV;;;;;
BRE;sportello;CARPANETO PIACENTINO;;;;;;;;
BRE;sportello;CASALE MONFERRATO;;;;;;;;
BRE;sportello;CASORATE PRIMO;;;;;;;;
BRE;sportello;CASTELDELFINO;Via Circonvallazione, 5;CASTELDELFINO;CN;;;;;
BRE;sportello;CASTELLINALDO;Via Roma, 56;CASTELLINALDO;CN;;;;;
BRE;sportello;CASTINO;Via 20 Settembre, 1;CASTINO;CN;;;;;
BRE;sportello;CRAVANZANA;Via 20 Settembre, 1;CRAVANZANA;CN;;;;;
BRE;sportello;CRISSOLO;Via Umberto I, 39;CRISSOLO ;CN;;;;;
BRE;sportello;CUNEO C.C. TETTO GARETTO;Via Margarita, 8;CUNEO;CN;;;;;
BRE;sportello;DRONERO Agenzia n. 1;Viale Della Stazione, 10;DRONERO;CN;;;;;
BRE;sportello;GAIOLA;Via Barale, 16;GAIOLA;CN;;;;;
BRE;sportello;LA MORRA ;Via Umberto I, 28;LA MORRA;CN;;;;;
BRE;sportello;LESEGNO;Via Roma, 23;LESEGNO;CN;;;;;
BRE;sportello;MILANO;;;;;;;;
BRE;sportello;MILANO;;;;;;;;
BRE;sportello;MILANO Ospedale Maggiore;;;;;;;;
BRE;sportello;MONASTERO VASCO;Via Variante, 3;MONASTERO VASCO;CN;;;;;
BRE;sportello;MONCHIERO;Borgonuovo Basso 15-1;MONCHIERO;CN;;;;;
BRE;sportello;MONDOVI' - BASTIA;Piazza 4 Novembre, 3;MONDOVI';CN;;;;;
BRE;sportello;MONTANERA;Via G. Marconi, 6;MONTANERA;CN;;;;;
BRE;sportello;MURELLO;Via Caduti Murellesi, 39;MURELLO;CN;;;;;
BRE;sportello;NEVIGLIE;Via Umberto I;NEVIGLIE;CN;;;;;
BRE;sportello;NIELLA - BELBO;Piazza Mercato, 12/b;NIELLA BELBO;CN;;;;;
BRE;sportello;PAGNO;Via Roma, 1;PAGNO;CN;;;;;
BRE;sportello;PAVIA;;PAVIA;PV;;;;;
BRE;sportello;PAVIA;;PAVIA;PV;;;;;
BRE;sportello;PAVIA ;Via Ferrata, 1;PAVIA;PV;;;;;
BRE;sportello;PIOBESI D'ALBA;Piazza San Pietro, 12;PIOBESI D'ALBA;CN;;;;;
BRE;sportello;PORTALBERA;Via Mazzini, 1;PORTALBERA;PV;;;;;
BRE;sportello;PRADLEVES;;;;;;;;
BRE;sportello;PRATO NEVOSO;;;;;;;;
BRE;sportello;RIFREDDO;Piazza della Vittoria, 4;RIFREDDO;CN;;;;;
BRE;sportello;RODELLO;Piazza Vittorio Emanuele;RODELLO;CN;;;;;
BRE;sportello;ROSSANA;Via Mazzini, 1;ROSSANA;CN;;;;;
BRE;sportello;SAN DAMIANO MACRA;Via Roma, 15;SAN DAMIANO MACRA;CN;;;;;
BRE;sportello;SAN ROCCO DI BERNEZZO;Via Aldo Moro, 2;BERNEZZO;CN;;;;;
BRE;sportello;SINIO D'ALBA;Piazza Guglielmo Marconi, 10;ALBA;CN;;;;;
BRE;sportello;TORRE SAN GIORGIO;Via Maestra, 17;TORRE SAN GIORGIO;CN;;;;;
BRE;sportello;VEDANO OLONA (VA);;;;;;;;
BRE;sportello;VERDUNO ;Piazza Canonica Pietro Borgna, 3;VERDUNO;CN;;;;;
BRE;sportello;VIGEVANO;;;;;;;;
BRE;sportello;VOGHERA;;;;;;;;
BRE;pegno;MILANO;;;;;;;;
BRE;pegno;BERGAMO;;;;;;;;
BRE;pegno;BRESCIA;;;;;;;;
BRE;pegno;COMO;;;;;;;;
BRE;pegno;CREMA;;;;;;;;
BRE;pegno;CREMONA;;;;;;;;
BRE;pegno;MANTOVA;;;;;;;;
BRE;pegno;MONZA;;;;;;;;
BRE;pegno;PAVIA;;;;;;;;
BVC;FILIALE;ANGOLO TERME; Piazza degli alpini, 4;ANGOLO TERME;BS;;;;;
BVC;FILIALE;APRICA; Corso Roma, 238;APRICA;SO;;;;;
BVC;FILIALE;ARDESIO; Piazza Alessandro Volta, 8/9;ARDESIO;BG;;;;;
BVC;FILIALE;ARTOGNE; Via Geroni, 12;ARTOGNE;BS;;;;;
BVC;FILIALE;BERZO DEMO; Via San Zenone, 9;BERZO DEMO;BS;;;;;
BVC;FILIALE;BERZO INFERIORE; Piazza Umberto I°, 35/A;BERZO INFERIORE;BS;;;;;
BVC;FILIALE;BIENNO; Piazza Liberazione, 2;BIENNO;BS;;;;;
BVC;FILIALE;BOARIO TERME; Viale della Repubblica, 2;BOARIO TERME;BS;;;;;
BVC;FILIALE;BORMIO; Via Don Peccedi, 11;BORMIO;SO;;;;;
BVC;FILIALE;BORNATO (CAZZAGO S.M.); Via del Gallo, 2 ;BORNATO (CAZZAGO S.M.);BS;;;;;
BVC;FILIALE;BORNO; Piazza Umberto I, 13;BORNO;BS;;;;;
BVC;SEDE;BRENO; Piazza della Repubblica, 1/2;BRENO;BS;;;;;
BVC;FILIALE;BRESCIA; Via Duca degli Abruzzi, 175;BRESCIA;BS;;;;;
BVC;FILIALE;BRESCIA 1;Viale Bornata, 2;BRESCIA 1;BS;;;;;
BVC;FILIALE;CAPODIPONTE; Viale Stazione, 16;CAPODIPONTE;BS;;;;;
BVC;FILIALE;CASAZZA; Piazza della Pieve, 1;CASAZZA;BG;;;;;
BVC;FILIALE;CEDEGOLO; Via  Roma, 26/28;CEDEGOLO;BS;;;;;
BVC;FILIALE;CETO; Via Badetto, 23;CETO;BS;;;;;
BVC;FILIALE;CEVO; Via Roma, 44;CEVO;BS;;;;;
BVC;FILIALE;CHIAVENNA; Via Maloggia, 1;CHIAVENNA;SO;;;;;
BVC;FILIALE;CIVIDATE CAMUNO; Via Cortiglione;CIVIDATE CAMUNO;BS;;;;;
BVC;FILIALE;CLUSONE; Viale Gusmini, 47;CLUSONE;BG;;;;;
BVC;FILIALE;COCCAGLIO; Piazza Torre Romana, 4;COCCAGLIO;BS;;;;;
BVC;FILIALE;CORTE FRANCA;Via Roma, 78;CORTE FRANCA;BS;;;;;
BVC;FILIALE;CORTENO GOLGI; Via Roma, 1;CORTENO GOLGI;BS;;;;;
BVC;FILIALE;DARFO; Via Roma, 12;DARFO;BS;;;;;
BVC;FILIALE;DONGO; Via Statale, 77;DONGO;CO;;;;;
BVC;FILIALE;EDOLO; Via Porro, 51;EDOLO;BS;;;;;
BVC;FILIALE;ESINE; Piazza Giuseppe Garibaldi, 4/6;ESINE;BS;;;;;
BVC;FILIALE;GIANICO; Via 25 Aprile, 7;GIANICO;BS;;;;;
BVC;FILIALE;GRATACASOLO (PISOGNE); Via Provinciale, 6;GRATACASOLO (PISOGNE);BS;;;;;
BVC;FILIALE;GROSIO; Via Roma, 1;GROSIO;SO;;;;;
BVC;FILIALE;LIVIGNO; Via Dalla Gesa, 141/a;LIVIGNO;SO;;;;;
BVC;FILIALE;LOVERE;Via Gregorini, 43;LOVERE;BG;;;;;
BVC;FILIALE;MALEGNO; Via Lanico, 36;MALEGNO;BS;;;;;
BVC;FILIALE;MALONNO; Via G. Ferraglio, 4;MALONNO;BS;;;;;
BVC;FILIALE;MORBEGNO; Piazza Caduti per la Libertà, 9;MORBEGNO;SO;;;;;
BVC;FILIALE;MARONE ; Via Cristini, 49;MARONE ;BS;;;;;
BVC;FILIALE;PIAMBORNO (PIANCOGNO); Via 11 Febbraio, 1;PIAMBORNO (PIANCOGNO);BS;;;;;
BVC;FILIALE;PIANCAMUNO; Piazza Giuseppe  Verdi, 8;PIANCAMUNO;BS;;;;;
BVC;FILIALE;PIANCOGNO; Via Vittorio Veneto, 7;PIANCOGNO;BS;;;;;
BVC;FILIALE;PIANTEDO; Via Nazionale, 875;PIANTEDO;SO;;;;;
BVC;FILIALE;PONTE DI LEGNO; Via Cima Cadi, 5/7/9;PONTE DI LEGNO;BS;;;;;
BVC;FILIALE;PROVAGLIO D'ISEO; Via Roma, 12;PROVAGLIO D'ISEO;BS;;;;;
BVC;FILIALE;RODENGO SAIANO ; Via Guglielmo Marconi, 11/b;RODENGO SAIANO ;BS;;;;;
BVC;FILIALE;RODENGO SAIANO ;Località Moie;;BS;;;;;
BVC;FILIALE;ROGNO; Piazza Druso, 1;ROGNO;BG;;;;;
BVC;FILIALE;ROVATO ; Corso Bonomelli, 78;ROVATO ;BS;;;;;
BVC;FILIALE;SAN PANCRAZIO (PALAZZOLO S/O); Via Firenze, 88-90;SAN PANCRAZIO;BS;;;;;
BVC;FILIALE;SARNICO; Via Roma, 68;SARNICO;BG;;;;;
BVC;FILIALE;SONDRIO; Lungo Mallero Diaz, 34/b;SONDRIO;SO;;;;;
BVC;FILIALE;SOVERE; Via Roma, 20;SOVERE;BG;;;;;
BVC;FILIALE;TEMU'; Via Roma, 71/73;TEMU';BS;;;;;
BVC;FILIALE;TIRANO; Via Alessandro Manzoni, 22;TIRANO;SO;;;;;
BVC;FILIALE;TORBOLE CASAGLIA ; Piazza Repubblica, 25/26;TORBOLE CASAGLIA ;BS;;;;;
BVC;FILIALE;TRAVAGLIATO ; Via Andrea Mai, 5;TRAVAGLIATO ;BS;;;;;
BVC;FILIALE;VEZZA D'OGLIO; Via Nazionale, 65;VEZZA D'OGLIO;BS;;;;;
BVC;FILIALE;VILLONGO; Via J. F. Kennedy, 5;VILLONGO;BG;;;;;
BVC;TESORERIA;BORNO;Via G. Marconi, 4/A;BORNO;BS;;;;;
BVC;TESORERIA;CASTIONE DELLA PRESOLANA;Piazza Cefalonia, 1;CASTIONE DELLA PRESOLANA;BG;;;;;
BVC;TESORERIA;CEDEGOLO;Piazza G. Mazzini, 9;CEDEGOLO;BS;;;;;
BVC;TESORERIA;CIMBERGO;Via Codrobbio, 7/b;CIMBERGO;BS;;;;;
BVC;TESORERIA;DARFO BOARIO TERME;Corso Lepetit, 77;DARFO BOARIO TERME;BS;;;;;
BVC;TESORERIA;LOZIO - Villa di Lozio (Malegno);Via San Paolo, 12;LOZIO;BS;;;;;
BVC;TESORERIA;NIARDO di Breno (BS);Piazza G. Cappellini, 3/b;NIARDO di Breno;BS;;;;;
BVC;TESORERIA;ONO SAN PIETRO (Ceto);Via Donatori di  Sangue;ONO SAN PIETRO;BS;;;;;
BVC;TESORERIA;PROVAGLIO loc. PROVEZZE (BS);Via San Filastro, 18;PROVAGLIO;BS;;;;;
BVC;TESORERIA;SAVIORE DELL'ADAMELLO - VALLE (Cevo);Via Trento, 39;SAVIORE DELL'ADAMELLO;BS;;;;;
BVC;TESORERIA;SONICO (BS);Via S. Lorenzo, 19/b;SONICO;BS;;;;;
BVC;TESORERIA;VILLA TIRANO (SO);Via Roma, 20;VILLA TIRANO;SO;;;;;
BVC;TESORERIA;COSTA VOLPINO (BG);Via Nazionale, 235;COSTA VOLPINO;BG;;;;;
BVC;TESORERIA;PASPARDO (BS);Via Bonfadini, 8;PASPARDO;BS;;;;;
BSG;FILIALE;ALBENGA 1; Via Cesare  Battisti, 4;ALBENGA;SV;;;;;
BSG;FILIALE;ALBENGA 2; Via Dalmazia, 43;ALBENGA;SV;;;;;
BSG;FILIALE;ALBISOLA SUPERIORE; Corso Giuseppe Mazzini, 189;ALBISOLA SUPERIORE;SV;;;;;
BSG;FILIALE;ANDORA; Piazza Santa Maria, 7;ANDORA;SV;;;;;
BSG;FILIALE;ARMA DI TAGGIA; Via Boselli, 62;ARMA DI TAGGIA;IM;;;;;
BSG;FILIALE;BORDIGHERA; Via Treviso, 1;BORDIGHERA;IM;;;;;
BSG;FILIALE;BORZONASCA; Via Angelo Grilli, 15;BORZONASCA;GE;;;;;
BSG;FILIALE;CAIRO MONTENOTTE; C.so Marconi, 240;CAIRO MONTENOTTE;SV;;;;;
BSG;FILIALE;CARRARA; Via Galileo Galilei, 32;CARRARA;MS;;;;;
BSG;FILIALE;CELLE LIGURE; Via Boagno, 12;CELLE LIGURE;SV;;;;;
BSG;FILIALE;CHIAVARI; Corso Dante Alighieri, 36;CHIAVARI;GE;;;;;
BSG;FILIALE;CICAGNA; Via Statale, 8 ;CICAGNA;GE;;;;;
BSG;SEDE;GENOVA; Via C.R. Ceccardi, 13/r;GENOVA;GE;;;;;
BSG;FILIALE;GENOVA 1; Corso Torino, 61/r;GENOVA;GE;;;;;
BSG;FILIALE;GENOVA 2; Via Pastorino, 118;GENOVA;GE;;;;;
BSG;FILIALE;GENOVA 3; Via Sestri, 188/190r;GENOVA;GE;;;;;
BSG;FILIALE;GENOVA 4; Piazza G. Lerda, 10;GENOVA;GE;;;;;
BSG;FILIALE;GENOVA 5; Via 5 Maggio, 101;GENOVA;GE;;;;;
BSG;FILIALE;GENOVA 6; Via C. Rolando, 123 (Sampierdarena);GENOVA;GE;;;;;
BSG;FILIALE;GENOVA 7; Via Antonio Gramsci, 8;GENOVA;GE;;;;;
BSG;FILIALE;IMPERIA 1; Viale Giacomo  Matteotti, 13;IMPERIA;IM;;;;;
BSG;FILIALE;IMPERIA 2; Via Giacomo Puccini, 7;IMPERIA;IM;;;;;
BSG;FILIALE; LA SPEZIA; Via Nazionale, 169;LA SPEZIA;SP;;;;;
BSG;FILIALE;LAVAGNA; Corso Buenos Aires, 84;LAVAGNA;GE;;;;;
BSG;FILIALE;LOANO; Via Stella, 34;LOANO;SV;;;;;
BSG;FILIALE;MEZZANEGO; Via Capitano Gandolfo, 138;MEZZANEGO;GE;;;;;
BSG;FILIALE;QUILIANO; Via Torcello, 1 ;QUILIANO;SV;;;;;
BSG;FILIALE;RAPALLO;Via Alessandro Lamarmora, 4;RAPALLO;GE;;;;;
BSG;FILIALE;SAN REMO; Via Roma, 54/60;SAN REMO;IM;;;;;
BSG;FILIALE;SANTO STEFANO D'AVETO; Via Razzetti, 11;SANTO STEFANO D'AVETO;GE;;;;;
BSG;FILIALE;SAVONA 1; Piazza Aurelio  Saffi 1 ;SAVONA;SV;;;;;
BSG;FILIALE;SAVONA 2; Corso Vittorio Veneto, 93;SAVONA;SV;;;;;
BSG;FILIALE;SESTRI LEVANTE; Via Fascie, 70;SESTRI LEVANTE;GE;;;;;
BSG;FILIALE;VADO LIGURE; Via Aurelia, 148;VADO LIGURE;SV;;;;;
BSG;FILIALE;VENTIMIGLIA 1; Via Ruffini , 8/a;VENTIMIGLIA;IM;;;;;
BSG;FILIALE;VENTIMIGLIA 2; Via Roma, 64/b;VENTIMIGLIA;IM;;;;;
BPI;FILIALE;AREZZO;Via 25 Aprile, 28;AREZZO;AR;;;;;
BPI;FILIALE;BARI; Via Nicolo' dell'Arca, 9-9a; BARI;BA;;;;;
BPI;FILIALE;BOLOGNA; Via Giuseppe Mazzini, 146/Q; BOLOGNA;BO;;;;;
BPI;FILIALE;BRESCIA; Via Repubblica Argentina, 90; BRESCIA;BS;;;;;
BPI;FILIALE;CAGLIARI; Viale Bonaria, 58; CAGLIARI;CA;;;;;
BPI;FILIALE;FIRENZE; Via Ricasoli, 21; FIRENZE;FI;;;;;
BPI;FILIALE;FOGGIA; Via Salvatore Tugini, 70; FOGGIA;FG;;;;;
BPI;FILIALE;FROSINONE; Via Fedele Calvosa, 27/29; FROSINONE;FR;;;;;
BPI;FILIALE;GENOVA; Via Roma, 5; GENOVA;GE;;;;;
BPI;FILIALE;GROSSETO; Via Giacomo Matteotti, 32; GROSSETO;GR;;;;;
BPI;FILIALE;L'AQUILA; Via Giuseppe Verdi, 21 a/c; L'AQUILA;AQ;;;;;
BPI;FILIALE;LATINA; Viale Le Corbusier; LATINA;LT;;;;;
BPI;FILIALE;LIVORNO; Via della Libertà, 47/49; LIVORNO;LI;;;;;
BPI;FILIALE;MESTRE; Via Rosa, 23; MESTRE;VE;;;;;
BPI;FILIALE;MILANO; Corso Giacomo Matteotti, 12; MILANO;MI;;;;;
BPI;FILIALE;MONZA; Via Gerolamo Borgazzi, 7; MONZA;MI;;;;;
BPI;FILIALE;NAPOLI; Galleria Vanvitelli; NAPOLI;NA;;;;;
BPI;FILIALE;PARMA; Via Rossi, 2; PARMA;PR;;;;;
BPI;FILIALE;PERUGIA; Via Settevalli, 131; PERUGIA;PG;;;;;
BPI;FILIALE;PESARO; Via Telesforo Bertozzini, 13; PESARO;PU;;;;;
BPI;FILIALE;PESCARA; Piazza Rinascita, 6/9; PESCARA;PE;;;;;
BPI;FILIALE;PISA; Via G.B. Niccolini, 8/10; PISA;PI;;;;;
BPI;FILIALE;RIETI; Via Molino della Salce; RIETI;RI;;;;;
BPI;FILIALE;ROMA; Via Baldovinetti, 106/110; ROMA ;RM;;;;;
BPI;FILIALE;ROMA 2; Via Anicio Gallo, 91 e/i; ROMA;RM;;;;;
BPI;FILIALE;ROMA 3 - OSTIA; P.zza Giuliano della Rovere, 9-11/a; ROMA;RM;;;;;
BPI;FILIALE;ROMA 4; Via Vincenzo Bellini, 27; ROMA;RM;;;;;
BPI;FILIALE;SALERNO; Via Santi Martiri Salernitani, 42/46; SALERNO;SA;;;;;
BPI;FILIALE;SAN GIOVANNI VALDARNO; Corso Italia, 117; SAN GIOVANNI VALDARNO;AR;;;;;
BPI;FILIALE;TERNI; Via della Bardesca, 7/11;TERNI;TR;;;;;
BPI;FILIALE;TORINO; Corso Re Umberto I, 47;TORINO;TO;;;;;
BPI;PROMOTORI;ANCONA; Via Scrima, 29;ANCONA;AN;;;;;
BPI;PROMOTORI;ALBENGA; Via C. Battisti, 8;ALBENGA;SV;;;;;
BPI;PROMOTORI;AVELLINO; Corso Umberto I, 186-188-190; AVELLINO;AV;;;;;
BPI;PROMOTORI;BUSTO ARSIZIO; Piazza Venzaghi ; BUSTO ARSIZIO;VA;;;;;
BPI;PROMOTORI;CANTU'; Via C. Cavour, 17; CANTU';CO;;;;;
BPI;PROMOTORI;CESENATICO; Viale Roma, 15/c; CESENATICO;FC;;;;;
BPI;PROMOTORI;CREMONA; Via Rialto, 20; CREMONA;CR;;;;;
BPI;PROMOTORI;ERBA; Corso 25 Aprile, 157; ERBA;CO;;;;;
BPI;PROMOTORI;FANO; Corso Giacomo Matteotti, 67; FANO;PU;;;;;
BPI;PROMOTORI;GENOVA; Via 20 Settembre, 33/11; GENOVA;GE;;;;;
BPI;PROMOTORI;IMPERIA; Via Don Abbo, 12/14; IMPERIA;IM;;;;;
BPI;PROMOTORI;LIVORNO; Piazza C. Cavour, 6; LIVORNO;LI;;;;;
BPI;PROMOTORI;LUCCA; Viale San Concordio, 597; LUCCA;LU;;;;;
BPI;PROMOTORI;MONTEVARCHI; Via Armando Diaz, 43; MONTEVARCHI;AR;;;;;
BPI;PROMOTORI;MILANO; Piazza Giovine Italia, 3; MILANO;MI;;;;;
BPI;PROMOTORI;NOCERA INFERIORE; Via Costantino Amato, 21; NOCERA INFERIORE;SA;;;;;
BPI;PROMOTORI;PISA; Piazza Antonio Toniolo, 5; PISA;PI;;;;;
BPI;PROMOTORI;PISTOIA; Via Adua, 236; PISTOIA;PT;;;;;
BPI;PROMOTORI;PONTEDERA; Corso Giacomo Matteotti, 167; PONTEDERA;PI;;;;;
BPI;PROMOTORI;RECANATI; Via Cesare Battisti, 30/32; RECANATI;MC;;;;;
BPI;PROMOTORI;REGGIO EMILIA; Via Martiri di Cervarolo, 42 ; REGGIO EMILIA;REGGIO EMILIA;;;;;
BPI;PROMOTORI;TERRANUOVA BRACCIOLINI; Via Dei Medici, 2; TERRANUOVA BRACCIOLINI;AR;;;;;
BPI;PROMOTORI;TORINO; Via Giuseppe Luigi Lagrange, 10; TORINO;TO;;;;;
BPI;PROMOTORI;TREVISO; Via Avogari, 2; TREVISO;TV;;;;;
BPI;PROMOTORI;VARESE; Piazza Repubblica; VARESE;VA;;;;;
BPI;PROMOTORI;VENTIMIGLIA; Via Ruffini, 8; VENTIMIGLIA;IM;;;;;
BPI;PROMOTORI;VERONA; Via Albere, 20/C; VERONA;VR;;;;;
BPI;PROMOTORI;VIAREGGIO; Via Fratti, 618; VIAREGGIO;LU;;;;;
BPI;PROMOTORI;TERAMO; Via Forti, 56;TERAMO;TE;;;;;
BPI;PROMOTORI;TARANTO;Via Pisa, 14;TARANTO;TA;;;;;
BPI;PROMOTORI;AVEZZANO;Via Antonio Gramsci;AVEZZANO;AV;;;;;
BPI;;MILANO;Corso Giacomo Matteotti, 1;MILANO;MI;;;;;